{
  "n_antennas": 64,
  "n_observed": 16,
  "n_predict": 48,
  "freq": 3500000000.0,
  "wavelength": 0.08571428571428572,
  "noise_std": 0.1,
  "observed_indices": [
    34,
    9,
    50,
    27,
    44,
    58,
    62,
    41,
    40,
    11,
    42,
    57,
    28,
    60,
    39,
    1
  ],
  "predict_indices": [
    35,
    13,
    3,
    22,
    32,
    52,
    43,
    15,
    2,
    21,
    16,
    53,
    45,
    19,
    25,
    33,
    0,
    30,
    24,
    48,
    10,
    51,
    49,
    5,
    6,
    61,
    8,
    36,
    18,
    59,
    31,
    26,
    37,
    14,
    56,
    38,
    55,
    54,
    4,
    17,
    12,
    20,
    46,
    47,
    63,
    23,
    29,
    7
  ],
  "antenna_positions": [
    [
      0.0,
      0.0
    ],
    [
      0.04285714285714286,
      0.0
    ],
    [
      0.08571428571428572,
      0.0
    ],
    [
      0.12857142857142856,
      0.0
    ],
    [
      0.17142857142857143,
      0.0
    ],
    [
      0.2142857142857143,
      0.0
    ],
    [
      0.2571428571428571,
      0.0
    ],
    [
      0.3,
      0.0
    ],
    [
      0.0,
      0.04285714285714286
    ],
    [
      0.04285714285714286,
      0.04285714285714286
    ],
    [
      0.08571428571428572,
      0.04285714285714286
    ],
    [
      0.12857142857142856,
      0.04285714285714286
    ],
    [
      0.17142857142857143,
      0.04285714285714286
    ],
    [
      0.2142857142857143,
      0.04285714285714286
    ],
    [
      0.2571428571428571,
      0.04285714285714286
    ],
    [
      0.3,
      0.04285714285714286
    ],
    [
      0.0,
      0.08571428571428572
    ],
    [
      0.04285714285714286,
      0.08571428571428572
    ],
    [
      0.08571428571428572,
      0.08571428571428572
    ],
    [
      0.12857142857142856,
      0.08571428571428572
    ],
    [
      0.17142857142857143,
      0.08571428571428572
    ],
    [
      0.2142857142857143,
      0.08571428571428572
    ],
    [
      0.2571428571428571,
      0.08571428571428572
    ],
    [
      0.3,
      0.08571428571428572
    ],
    [
      0.0,
      0.12857142857142856
    ],
    [
      0.04285714285714286,
      0.12857142857142856
    ],
    [
      0.08571428571428572,
      0.12857142857142856
    ],
    [
      0.12857142857142856,
      0.12857142857142856
    ],
    [
      0.17142857142857143,
      0.12857142857142856
    ],
    [
      0.2142857142857143,
      0.12857142857142856
    ],
    [
      0.2571428571428571,
      0.12857142857142856
    ],
    [
      0.3,
      0.12857142857142856
    ],
    [
      0.0,
      0.17142857142857143
    ],
    [
      0.04285714285714286,
      0.17142857142857143
    ],
    [
      0.08571428571428572,
      0.17142857142857143
    ],
    [
      0.12857142857142856,
      0.17142857142857143
    ],
    [
      0.17142857142857143,
      0.17142857142857143
    ],
    [
      0.2142857142857143,
      0.17142857142857143
    ],
    [
      0.2571428571428571,
      0.17142857142857143
    ],
    [
      0.3,
      0.17142857142857143
    ],
    [
      0.0,
      0.2142857142857143
    ],
    [
      0.04285714285714286,
      0.2142857142857143
    ],
    [
      0.08571428571428572,
      0.2142857142857143
    ],
    [
      0.12857142857142856,
      0.2142857142857143
    ],
    [
      0.17142857142857143,
      0.2142857142857143
    ],
    [
      0.2142857142857143,
      0.2142857142857143
    ],
    [
      0.2571428571428571,
      0.2142857142857143
    ],
    [
      0.3,
      0.2142857142857143
    ],
    [
      0.0,
      0.2571428571428571
    ],
    [
      0.04285714285714286,
      0.2571428571428571
    ],
    [
      0.08571428571428572,
      0.2571428571428571
    ],
    [
      0.12857142857142856,
      0.2571428571428571
    ],
    [
      0.17142857142857143,
      0.2571428571428571
    ],
    [
      0.2142857142857143,
      0.2571428571428571
    ],
    [
      0.2571428571428571,
      0.2571428571428571
    ],
    [
      0.3,
      0.2571428571428571
    ],
    [
      0.0,
      0.3
    ],
    [
      0.04285714285714286,
      0.3
    ],
    [
      0.08571428571428572,
      0.3
    ],
    [
      0.12857142857142856,
      0.3
    ],
    [
      0.17142857142857143,
      0.3
    ],
    [
      0.2142857142857143,
      0.3
    ],
    [
      0.2571428571428571,
      0.3
    ],
    [
      0.3,
      0.3
    ]
  ]
}